city_name,latitude,longitude
Bolesławiec,51.262169150000005,15.5550197073441
Nowogrodziec,51.1971363,15.3987046
Dzierżoniów,50.7281896,16.6514455
Bielawa,50.675389800000005,16.607192643781275
Piława Górna,50.68291525,16.751068021685484
Niemcza,50.7163426,16.8350398
Pieszyce,50.7124412,16.581609
Głogów,51.67019285,16.06140366346836
Góra,51.6681499,16.5393277
Wąsosz,51.5641,16.69307
Jawor,51.067702100000005,16.197613635866436
Bolków,50.9220033,16.100499
Kowary,50.7937534,15.8338236
Piechowice,50.827706500000005,15.57653885499911
Karpacz,50.7639983,15.745198107436458
Szklarska Poręba,50.81428365,15.454496657235111
Lubawka,50.7070882,16.0003894
Kamienna Góra,50.78468925,16.022363067768467
Duszniki-Zdrój,50.4044249,16.3901528
Kłodzko,50.438651,16.6551878
Stronie Śląskie,50.2916337,16.8736919
Polanica-Zdrój,50.4079276,16.5107431
Międzylesie,50.1480131,16.6669348
Radków,50.5042182,16.401351
Nowa Ruda,50.57349525,16.511378078259288
Szczytna,50.4169281,16.4408185
Kudowa-Zdrój,50.445785650000005,16.25414734199097
Bystrzyca Kłodzka,50.2968684,16.652017
Lądek-Zdrój,50.3458254,16.8725948
Chojnów,51.2722138,15.939385448695303
Prochowice,51.273422,16.3644321
Świeradów-Zdrój,50.91696915,15.308474928000567
Leśna,51.0241667,15.2636111
Lubań,51.114710450000004,15.281157425448038
Olszyna,51.0655505,15.3753102
Lubin,51.399678300000005,16.1993379441299
Ścinawa,51.4165346,16.4259732
Lwówek Śląski,51.1108891,15.5850018
Lubomierz,51.0124569,15.51022
Gryfów Śląski,51.0281455,15.4145051
Wleń,51.0168814,15.6744645
Mirsk,50.9721836,15.3857926
Milicz,51.5319957,17.2752485
Syców,51.3078551,17.7198113
Bierutów,51.1252738,17.5400351
Międzybórz,51.397711,17.6650165
Twardogóra,51.364557,17.469599
Oleśnica,51.2095314,17.3804559
Oława,50.9431901,17.2957066
Jelcz-Laskowice,51.0398306,17.3499638
Polkowice,51.5039288,16.0713371
Przemków,51.5275418,15.7874473
Chocianów,51.4168327,15.8986889
Wiązów,50.8138794,17.2017238
Strzelin,50.78092,17.0683947
Środa Śląska,51.1638949,16.5942505
Miękinia,51.190964,16.7386851
Żarów,50.9438416,16.4923538
Świebodzice,50.859573,16.3196056
Jaworzyna Śląska,50.9144217,16.4308642
Strzegom,50.9601066,16.3462134
Świdnica,50.8424835,16.4870549
Żmigród,51.4717386,16.9082719
Oborniki Śląskie,51.3010662,16.9145509
Trzebnica,51.3096424,17.062596
Prusice,51.3707663,16.9626816
Mieroszów,50.6669858,16.1862044
Głuszyca,50.6862202,16.3730583
Boguszów-Gorce,50.755252150000004,16.19636346251805
Szczawno-Zdrój,50.8066959,16.2540971
Jedlina-Zdrój,50.7238213,16.3457478
Brzeg Dolny,51.2691744,16.7083805
Wołów,51.3363841,16.6486903
Sobótka,50.8992843,16.7445155
Kąty Wrocławskie,51.0302656,16.7702325
Siechnice,51.0323875,17.1507275
Ząbkowice Śląskie,50.5892698,16.8111518
Złoty Stok,50.4445454,16.8756509
Ziębice,50.6007752,17.0405633
Bardo,50.50676,16.7402382
Kamieniec Ząbkowicki,50.5229139,16.8736143
Węgliniec,51.2871203,15.2241355
Bogatynia,50.9077147,14.9539185
Pieńsk,51.2457834,15.0449871
Zawidów,51.0257493,15.0610053
Zgorzelec,51.15178695,15.014432971933283
Złotoryja,51.1247624,15.9169833
Wojcieszów,50.9559192,15.928300756896551
Świerzawa,51.0150774,15.8920701
Jelenia Góra,50.9031028,15.7344306
Legnica,51.204768900000005,16.174675034638256
Wrocław,51.1263106,16.97819633051261
Wałbrzych,50.785221,16.284640336127822
Ciechocinek,52.883941300000004,18.80326826019677
Aleksandrów Kujawski,52.8765365,18.6935744
Nieszawa,52.8396506,18.885163269944535
Górzno,53.1980846,19.6445713
Brodnica,53.258092,19.3993626
Jabłonowo Pomorskie,53.387984,19.1527034
Koronowo,53.3140636,17.9369813
Solec Kujawski,53.0791965,18.2246086
Chełmno,53.35250284999999,18.440424707276136
Kowalewo Pomorskie,53.1543137,18.8975473
Golub-Dobrzyń,53.1138924,19.0544501
Łasin,53.5196526,19.0870311
Radzyń Chełmiński,53.385006,18.9351906
Kruszwica,52.6743797,18.3254766
Janikowo,52.7531648,18.1141024
Pakość,52.8073319,18.0899612
Gniewkowo,52.894429,18.4066817
Inowrocław,52.781464299999996,18.246308553210774
Bobrowniki,52.7792249,18.9545437
Kikół,52.912342,19.1203393
Dobrzyń nad Wisłą,52.6374518,19.3213714
Skępe,52.8671562,19.3465204
Lipno,52.8420725,19.18316282709292
Mogilno,52.657341,17.9500677
Strzelno,52.6301742,18.1733807
Nakło nad Notecią,53.1386896,17.5998891
Szubin,53.0117503,17.7439402
Mrocza,53.2438673,17.6068949
Kcynia,52.9917668,17.4873729
Piotrków Kujawski,52.55057,18.49872
Radziejów,52.61910615,18.529365291530983
Rypin,53.06296225,19.419334932103737
Więcbork,53.3525453,17.4873925
Sępólno Krajeńskie,53.4547434,17.5348373
Kamień Krajeński,53.5333203,17.5199143
Pruszcz,54.25764755,18.650104044555775
Nowe,53.6462325,18.7290468
Świecie,53.4072518,18.4455253
Chełmża,53.1860233,18.6112806
Tuchola,53.5880901,17.8590414
Wąbrzeźno,53.2799665,18.947293
Izbica Kujawska,52.41925,18.76435
Lubraniec,52.543083,18.8315832
Chodecz,52.4051735,19.0272596
Lubień Kujawski,52.40736,19.16018
Brześć Kujawski,52.6048164,18.9015463
Kowal,52.5308373,19.1499427
Łabiszyn,52.9528653,17.9205877
Gąsawa,52.76856,17.75631
Janowiec Wielkopolski,52.7567264,17.4887698
Barcin,52.8632346,17.9472463
Żnin,52.8469452,17.72395
Bydgoszcz,53.12971265,18.02944875572119
Grudziądz,53.47251195,18.761893676880046
Toruń,53.0102721,18.6048094
Włocławek,52.6603872,19.071948
Terespol,52.07650075,23.624758011213416
Międzyrzec Podlaski,51.9816127,22.786726667454776
Piszczac,51.9804862,23.3776226
Frampol,50.671832,22.6698666
Biłgoraj,50.5424846,22.7209326
Tarnogród,50.361309,22.7419384
Turobin,50.8218458,22.7448995
Goraj,50.7212294,22.6682146
Rejowiec Fabryczny,51.1191844,23.2467333
Siedliszcze,51.1946235,23.1648455
Rejowiec,51.0945453,23.2832851
Hrubieszów,50.80679625,23.886349876429893
Janów Lubelski,50.7065895,22.4110663
Modliborzyce,50.7534467,22.3291714
Krasnystaw,50.99184805,23.165038002215837
Izbica,50.8927773,23.1587974
Kraśnik,50.943493200000006,22.208358045515133
Annopol,50.8851655,21.8550836
Urzędów,50.9939046,22.1435756
Ostrów Lubelski,51.4969068,22.8560394
Kock,51.6383917,22.4478158
Lubartów,51.4660473,22.6052895
Kamionka,51.4711228,22.4644249
Bychawa,51.0152225,22.534535
Bełżyce,51.175063,22.2749995
Łęczna,51.3002941,22.886766
Łuków,51.93008,22.3790669
Stoczek Łukowski,51.9567901,21.961593591089837
Opole Lubelskie,51.1475365,21.9664152
Poniatowa,51.19298,22.06505
Józefów nad Wisłą,51.0408518,21.8296779
Parczew,51.639,22.9
Puławy,51.4171713,21.9720582
Kazimierz Dolny,51.3220058,21.947372
Nałęczów,51.2876064,22.214792
Kurów,51.3888553,22.1862143
Wąwolnica,51.2935314,22.1465024
Końskowola,51.4091024,22.0517983
Radzyń Podlaski,51.7827253,22.6208818
Czemierniki,51.6743703,22.6380937
Dęblin,51.567231750000005,21.856244041776023
Ryki,51.6266968,21.935696
Świdnik,51.2204629,22.6998639
Piaski,51.1378115,22.8475225
Tomaszów Lubelski,50.4469315,23.4165561
Tyszowce,50.6172008,23.6982172
Łaszczów,50.532615,23.7263929
Lubycza Królewska,50.3411612,23.5196564
Włodawa,51.54127795,23.529036806689675
Szczebrzeszyn,50.6946972,22.9786754
Zwierzyniec,50.6145878,22.9706317
Krasnobród,50.5460046,23.2115593
Biała Podlaska,52.0338399,23.1193948
Chełm,51.13558825,23.49393641703079
Lublin,51.218194499999996,22.554677562145155
Zamość,50.7170854,23.2525711
Kostrzyn nad Odrą,52.5898737,14.6536335
Witnica,52.6729399,14.8972121
Krosno Odrzańskie,52.0536361,15.0980258
Gubin,51.95734105,14.737042559250952
Trzciel,52.365166,15.873213
Skwierzyna,52.5967483,15.5010958
Międzyrzecz,52.4448261,15.578637
Otyń,51.8473213,15.7104
Kożuchów,51.7454762,15.5944541
Nowe Miasteczko,51.6908103,15.7311977
Bytom Odrzański,51.7308267,15.826918
Nowa Sól,51.8033431,15.706238052443426
Słubice,52.3557481,14.5662367
Ośno Lubuskie,52.455132,14.8682003
Rzepin,52.34432,14.8382902
Cybinka,52.1940293,14.7968841
Drezdenko,52.8398486,15.8318163
Dobiegniew,52.9667749,15.7548055
Strzelce Krajeńskie,52.8785785,15.5326861
Sulęcin,52.4413768,15.1161501
Torzym,52.3138586,15.0828279
Lubniewice,52.5119594,15.2441003
Świebodzin,52.2498357,15.5324973
Zbąszynek,52.2436262,15.8138946
Nowogród Bobrzański,51.7986474,15.2365032
Babimost,52.165312,15.8285175
Sulechów,52.0854782,15.6259091
Czerwieńsk,52.0130585,15.4211463
Kargowa,52.0719225,15.8648044
Małomice,51.5550002,15.4472908
Szprotawa,51.5650714,15.5367584
Żagań,51.6148068,15.3203721
Iłowa,51.5006828,15.1984599
Gozdnica,51.4533841,15.08156713812879
Brody,51.7867086,14.7743044
Łęknica,51.54731655,14.754084214502885
Jasień,51.7515442,15.0123351
Żary,51.6385162,15.1422487
Lubsko,51.7881902,14.9721266
Sława,51.8807001,16.0702499
Szlichtyngowa,51.7140748,16.2445989
Wschowa,51.8038354,16.3172771
Gorzów Wielkopolski,52.7309926,15.2400451
Zielona Góra,51.9383777,15.5050408
Bełchatów,51.354704600000005,19.376919902970144
Zelów,51.4650276,19.2195805
Żychlin,52.2440088,19.6260932
Kutno,52.2317559,19.3570182
Krośniewice,52.2560639,19.1689326
Dąbrowice,52.3156388,19.08451
Łask,51.5929947,19.1334784
Łęczyca,52.054506200000006,19.198290402458163
Piątek,52.0689883,19.4799726
Grabów,52.12736,19.00855
Łowicz,52.107683,19.9447873
Kiernozia,52.2687653,19.8710998
Tuszyn,51.60565655,19.543815697033963
Rzgów,51.6627785,19.4908887
Koluszki,51.7444956,19.817966
Drzewica,51.4508384,20.4773617
Opoczno,51.3782439,20.2931754
Żarnów,51.2479931,20.1720504
Białaczów,51.298466,20.2949544
Pabianice,51.6639859,19.3535024
Konstantynów Łódzki,51.75721335,19.308241169771144
Lutomiersk,51.7550121,19.2120994
Pajęczno,51.1468824,18.9956984
Działoszyn,51.1167859,18.8651624
Sulejów,51.3549202,19.8890802
Wolbórz,51.5036311,19.830319
Rozprza,51.3017158,19.6447455
Poddębice,51.8926555,18.9518908
Uniejów,51.9741302,18.793245
Radomsko,51.071061,19.44984640627979
Przedbórz,51.0868077,19.8744414
Kamieńsk,51.204172,19.4970714
Rawa Mazowiecka,51.7624929,20.2519293
Biała Rawska,51.8075978,20.4720942
Błaszki,51.6525206,18.4333114
Złoczew,51.4180515,18.6060256
Warta,51.35002348207221,18.812778646378593
Sieradz,51.6017529,18.739901469268844
Bolimów,52.0762415,20.163478
Tomaszów Mazowiecki,51.5194865,20.033754059009127
Inowłódz,51.5236969,20.2228852
Wieluń,51.2204544,18.5700965
Osjaków,51.2888829,18.7912573
Wieruszów,51.2951647,18.1510623
Lututów,51.3712494,18.4346007
Zduńska Wola,51.6028615,18.9333201
Szadek,51.69175,18.97703
Głowno,51.96239825,19.71166242050556
Aleksandrów Łódzki,51.8196533,19.3035375
Stryków,51.9009447,19.6036969
Ozorków,51.9587654,19.289306361024188
Zgierz,51.8555209,19.390634827153598
Parzęczew,51.94893,19.20716
Brzeziny,51.80066075,19.74462059147693
Jeżów,51.813452,19.9687952
Łódź,51.7728245,19.47848567915817
Piotrków Trybunalski,51.412853999999996,19.6886837487098
Skierniewice,51.95800675,20.144808531076123
Nowy Wiśnicz,49.9152667,20.4621677
Bochnia,49.9693563,20.430541
Brzesko,49.9678396,20.6068496
Czchów,49.8339446,20.6731487
Libiąż,50.1030516,19.3147486
Chrzanów,50.1411926,19.4028502
Alwernia,50.0690434,19.5396737
Trzebinia,50.1597686,19.4709097
Szczucin,50.3090256,21.075161
Dąbrowa Tarnowska,50.1743495,20.9850707
Bobowa,49.7130028,20.9576054
Gorlice,49.65829,21.1593832
Biecz,49.7305351,21.249421
Skała,50.2303769,19.853537
Świątniki Górne,49.9346365,19.9524965
Słomniki,50.2403739,20.0811369
Krzeszowice,50.1350246,19.6320164
Skawina,49.9747508,19.8265702
Mszana Dolna,49.6779756,20.0820073
Limanowa,49.7149918,20.423074222125905
Książ Wielki,50.4429446,20.1399453
Miechów,50.3566016,20.0276912
Sułkowice,49.8408265,19.8012137
Myślenice,49.834608,19.9384283
Dobczyce,49.8803432,20.0905415
Krynica-Zdrój,49.4206138,20.9594176
Stary Sącz,49.5640376,20.6366038
Piwniczna-Zdrój,49.4406462,20.7142303
Muszyna,49.3561684,20.8967477
Grybów,49.6250919,20.9446455
Czarny Dunajec,49.440493,19.8535612
Szczawnica,49.4266299,20.4761439
Rabka-Zdrój,49.6076663,19.9622575
Nowy Targ,49.4818229,20.030541
Olkusz,50.2788158,19.5596307
Bukowno,50.2669741,19.4613822
Wolbrom,50.3848386,19.7598844
Oświęcim,50.0336707,19.260079835793633
Kęty,49.8817723,19.2302036
Zator,49.9963053,19.4376782
Chełmek,50.1003348,19.2542585
Brzeszcze,49.9819014,19.1528065
Koszyce,50.1669806,20.5756459
Nowe Brzesko,50.1322823,20.3767203
Proszowice,50.1926479,20.2917555
Sucha Beskidzka,49.74079,19.5905975
Jordanów,49.6489124,19.838349152909842
Maków Podhalański,49.7298971,19.6768803
Ryglice,49.8783327,21.1380371
Zakliczyn,49.8564352,20.8086652
Wojnicz,49.9573496,20.8364048
Radłów,50.0830887,20.8476617
Żabno,50.1335155,20.8859257
Tuchów,49.895219,21.0538362
Ciężkowice,49.786464,20.9737542
Zakopane,49.2757934,19.969281065702543
Andrychów,49.8555791,19.3436756
Wadowice,49.8834484,19.4925345
Kalwaria Zebrzydowska,49.8669482,19.6763089
Niepołomice,50.0331163,20.2171599
Wieliczka,49.9823773,20.0602114
Kraków,50.0469432,19.997153435836697
Nowy Sącz,49.6249173,20.691346
Tarnów,50.0123784,20.9880739
Białobrzegi,50.7729192,23.1507229
Wyśmierzyce,51.6251076,20.8119331
Ciechanów,52.871204399999996,20.606245921754713
Glinojeck,52.819174,20.2862655
Żelechów,51.8096724,21.895505
Pilawa,51.9595452,21.5271524
Garwolin,51.8958048,21.621064749998972
Łaskarzew,51.785526149999995,21.60246906216035
Maciejowice,51.692631,21.5531323
Sanniki,52.33089,19.86693
Gostynin,52.4287607,19.4612956
Grodzisk Mazowiecki,52.1066223,20.6313441
Milanówek,52.1261593,20.6640587
Podkowa Leśna,52.11133195,20.761094532750263
Warka,51.7850969,21.1833835
Mogielnica,51.6929526,20.723371
Grójec,51.8655126,20.8675017
Nowe Miasto nad Pilicą,51.616692,20.5796171
Magnuszew,51.7624237,21.3828034
Głowaczów,51.6231797,21.3177054
Kozienice,51.5849678,21.549883
Legionowo,52.3952285,20.9308309
Serock,52.5135193,21.0731162
Lipsko,51.158513,21.6490099
Sienno,51.08498,21.4734506
Solec nad Wisłą,51.1349963,21.765376
Ciepielów,51.2482289,21.5741193
Łosice,52.2115134,22.717294
Maków Mazowiecki,52.865678,21.101224
Różan,52.8892595,21.399349
Mińsk Mazowiecki,52.17959585,21.56945595388331
Kałuszyn,52.2087832,21.811881
Halinów,52.2258575,21.3529522
Mrozy,52.1655506,21.8001682
Cegłów,52.1470172,21.7381713
Siennica,52.0915526,21.6193996
Sulejówek,52.244349,21.278248172670274
Latowicz,52.0262727,21.8075415
Dobre,52.32171,21.67852
Mława,53.1116182,20.3831732
Zakroczym,52.4333534,20.6116771
Nasielsk,52.5867531,20.8130115
Nowy Dwór Mazowiecki,52.434175749999994,20.706110418137545
Myszyniec,53.3831962,21.3420723
Ostrów Mazowiecka,52.8000429,21.897638
Brok,52.6989287,21.8601815
Józefów,50.4808298,23.0540591
Otwock,52.1161661,21.29345896133107
Karczew,52.0782795,21.2508068
Osieck,51.9662,21.41875
Konstancin-Jeziorna,52.0834787,21.1208073
Góra Kalwaria,51.9843765,21.2140226
Piaseczno,52.0747377,21.0270885
Tarczyn,51.9802935,20.8339613
Gąbin,52.39942,19.73072
Wyszogród,52.3883717,20.1913084
Bodzanów,52.5008478,20.0299052
Drobin,52.7377981,19.9893151
Płońsk,52.6264016,20.364281234776783
Raciąż,52.7828553,20.119672714927916
Nowe Miasto,52.6563159,20.6307362
Czerwińsk nad Wisłą,52.3940182,20.3123715
Sochocin,52.6898865,20.4707992
Brwinów,52.1425551,20.7170701
Piastów,52.1812559,20.8415937
Pruszków,52.171958950000004,20.802982691260024
Chorzele,53.2610476,20.8978631
Przasnysz,53.0190219,20.8804028
Przysucha,51.3585043,20.6285468
Odrzywół,51.5193078,20.555818
Gielniów,51.3997224,20.4762225
Pułtusk,52.7051109,21.0840274
Iłża,51.1624174,21.2374622
Pionki,51.4730031,21.4438404
Skaryszew,51.3105682,21.2523856
Jedlnia-Letnisko,51.4303531,21.3292505
Przytyk,51.4668994,20.9055732
Mordy,52.2112989,22.5170678
Sierpc,52.853176950000005,19.66141404554825
Sochaczew,52.2296562,20.2379379
Sokołów Podlaski,52.4081717,22.2525679
Kosów Lacki,52.5960805,22.1471764
Szydłowiec,51.2238922,20.8575141
Jastrząb,51.2468739,20.9488245
Błonie,52.1946065,20.6169694
Łomianki,52.3355273,20.895012
Ożarów Mazowiecki,52.2080548,20.7941606
Łochów,52.53042,21.68528
Węgrów,52.3989231,22.0174472
Wołomin,52.3468689,21.2420179
Zielonka,52.29133185,21.260566162275364
Tłuszcz,52.4301697,21.4355074
Ząbki,52.29233345,21.114699883572584
Marki,52.336375200000006,21.120778759940738
Kobyłka,52.33997115,21.19054415345282
Radzymin,52.4176347,21.1807836
Jadów,52.4783475,21.6326228
Wyszków,52.5928035,21.4584581
Zwoleń,51.3564745,21.5844652
Kazanów,51.2750127,21.4676696
Żuromin,53.0671703,19.9078353
Bieżuń,52.9617996,19.8899936
Lubowidz,53.1216748,19.8407986
Żyrardów,52.05553205,20.44464353021984
Mszczonów,51.9740309,20.5126683
Wiskitki,52.0868993,20.3832461
Ostrołęka,53.0843135,21.5668607
Płock,52.535347099999996,19.713630138580008
Radom,51.41716055,21.160944780832743
Siedlce,52.161593800000006,22.281253302988254
Warszawa,52.2337172,21.071432235636493
Brzeg,50.8588648,17.464124493778538
Grodków,50.698157,17.3849804
Lewin Brzeski,50.7487107,17.616648
Kietrz,50.0796271,18.0021082
Baborów,50.1563566,17.9859393
Głubczyce,50.2001072,17.8301977
Kędzierzyn-Koźle,50.3448836,18.2109594
Byczyna,51.1142355,18.2143288
Kluczbork,50.9730701,18.2140089
Wołczyn,51.0190253,18.049603
Strzeleczki,50.4594894,17.854778
Gogolin,50.4925107,18.0176197
Krapkowice,50.4747406,17.9670987
Zdzieszowice,50.4202928,18.1193187
Namysłów,51.0766258,17.7185619
Korfantów,50.4879782,17.5984184
Głuchołazy,50.3170828,17.3833809
Nysa,50.4738029,17.3324733
Paczków,50.4642876,17.0063856
Otmuchów,50.465351,17.1730499
Dobrodzień,50.7288597,18.444336
Praszka,51.05536,18.4485221
Olesno,50.8766575,18.4219452
Gorzów Śląski,51.0281551,18.4222682
Prószków,50.5786696,17.8699852
Tułowice,50.5954195,17.6533063
Niemodlin,50.6415925,17.6211388
Ozimek,50.6789196,18.2125227
Prudnik,50.3217212,17.5801041
Biała,50.3853609,17.6599107
Głogówek,50.3534373,17.8619329
Leśnica,50.4285562,18.1849929
Strzelce Opolskie,50.5109033,18.3004547
Ujazd,51.5980362,19.9218143
Zawadzkie,50.6065834,18.4801284
Kolonowskie,50.6528574,18.3831071
Opole,50.678792900000005,17.929884436033525
Ustrzyki Dolne,49.4301874,22.5877003
Brzozów,49.6950395,22.0196537
Dębica,50.0514601,21.4104804
Brzostek,49.8784697,21.411865
Pilzno,49.978578,21.2908438
Radymno,49.9517176,22.8183129
Jarosław,50.0399766,22.6573724393374
Pruchnik,49.9061358,22.5160585
Jasło,49.7470465,21.4743139
Kołaczyce,49.8076605,21.4340516
Kolbuszowa,50.2433277,21.7754563
Rymanów,49.576131,21.8676433
Dukla,49.55636,21.6847523
Jedlicze,49.714148,21.6421513
Iwonicz-Zdrój,49.5696688,21.7932328
Leżajsk,50.2621687,22.418892
Nowa Sarzyna,50.3197908,22.3434799
Cieszanów,50.2454329,23.1301265
Narol,50.3488112,23.3274426
Oleszyce,50.1682003,23.0314836
Lubaczów,50.1574473,23.1225859
Łańcut,50.0690725,22.2320924
Radomyśl Wielki,50.1963674,21.2761596
Mielec,50.280247349999996,21.46313425491699
Przecław,50.1939186,21.4798564
Ulanów,50.4904352,22.2625676
Nisko,50.5198985,22.139886
Rudnik nad Sanem,50.4447766,22.2440326
Bircza,49.691222,22.4804308
Dubiecko,49.8253187,22.3916222
Sieniawa,50.1780728,22.6102155
Przeworsk,50.0601735,22.4923769
Kańczuga,49.9843732,22.4131838
Jawornik Polski,49.8886553,22.2837088
Sędziszów Małopolski,50.0715996,21.7007524
Ropczyce,50.0528608,21.6116324
Dynów,49.813777349999995,22.238094355888542
Błażowa,49.8856022,22.1008013
Głogów Małopolski,50.1511809,21.9627571
Boguchwała,49.9806882,21.9391822
Tyczyn,49.9637919,22.0336719
Sokołów Małopolski,50.2311643,22.1189272
Zagórz,49.5098822,22.2632894
Sanok,49.55895275,22.21176004039837
Stalowa Wola,50.5653105,22.0644075
Zaklików,50.7554368,22.1020214
Strzyżów,49.8702087,21.7856291
Nowa Dęba,50.413485,21.7541268
Baranów Sandomierski,50.4994982,21.5417887
Lesko,49.4689014,22.3303816
Krosno,49.6938045,21.7651458
Przemyśl,49.78355525,22.78851130307014
Rzeszów,50.0374531,22.0047174
Tarnobrzeg,50.5729327,21.6791667
Augustów,53.8449595,23.018354562748584
Lipsk,53.7335414,23.4037394
Michałowo,53.0328933,23.6066858
Suraż,52.9491665,22.9563836
Łapy,52.9908208,22.883005
Zabłudów,53.0147671,23.3379526
Czarna Białostocka,53.2982835,23.2851013
Supraśl,53.2100391,23.3360728
Tykocin,53.207646,22.7730188
Wasilków,53.198684,23.2056777
Choroszcz,53.143925,22.9884588
Brańsk,52.7454145,22.8328169
Bielsk Podlaski,52.764915,23.188210662123517
Rajgród,53.7304739,22.6976173
Grajewo,53.6469842,22.4548627
Szczuczyn,53.5629982,22.2855495
Hajnówka,52.7365783,23.5878728
Kleszczele,52.574173,23.3254851
Kolno,53.401686749999996,21.936077723604825
Stawiski,53.3798382,22.1548937
Nowogród,53.2280804,21.8797908
Jedwabne,53.2867308,22.3021413
Goniądz,53.489222,22.7323721
Mońki,53.4065738,22.7983772
Knyszyn,53.3122442,22.9200387
Sejny,54.1101732,23.347142081833674
Drohiczyn,52.396648,22.658812
Siemiatycze,52.4209252,22.875437270492178
Sokółka,53.4049183,23.4995562
Krynki,53.2644419,23.7726182
Dąbrowa Białostocka,53.654439,23.3485102
Suchowola,53.578557,23.1058224
Wysokie Mazowieckie,52.925635400000004,22.51040144868788
Szepietowo,52.8712982,22.5474331
Czyżew,52.7975512,22.3123475
Ciechanowiec,52.6787967,22.4991103
Zambrów,52.975833300000005,22.23729346971591
Białystok,53.132398,23.1591679
Łomża,53.18243065,22.052183817808846
Suwałki,54.102712499999996,22.931878217494493
Miastko,54.0001478,16.9774717
Bytów,54.1694592,17.4890263
Brusy,53.8861557,17.7190437
Chojnice,53.6999165,17.57034607003427
Czersk,53.796196,17.9756228
Debrzno,53.53861,17.2338685
Człuchów,53.6651462,17.3588324
Czarne,53.68353,16.94221
Pruszcz Gdański,54.25764755,18.650104044555775
Żukowo,54.3458469,18.3647494
Kartuzy,54.3342281,18.1973639
Kościerzyna,54.1210215,17.9781656
Kwidzyn,53.7204653,18.937464130662192
Prabuty,53.755995,19.2044449
Lębork,54.5391501,17.7472272
Łeba,54.7604388,17.531376945616415
Nowy Staw,54.1342754,19.0086861
Malbork,54.0358356,19.0368496
Nowy Dwór Gdański,54.2146299,19.1150846
Krynica Morska,54.3800071,19.4433631
Hel,54.6066432,18.8027076
Puck,54.7203995,18.411338
Władysławowo,54.7901316,18.4087342
Jastarnia,54.702764,18.6712892
Ustka,54.5734467,16.859180576172207
Kępice,54.2427792,16.8896705
Kobylnica,54.4397259,16.9968076
Czarna Woda,53.8441983,18.0984293
Skarszewy,54.0717523,18.4459951
Skórcz,53.79455,18.52432
Starogard Gdański,53.9671805,18.532113
Gniew,53.8342221,18.8251596
Tczew,54.09087615,18.77794352885673
Pelplin,53.9283217,18.6978494
Wejherowo,54.606068199999996,18.23178605516042
Rumia,54.56961015,18.38490411370485
Reda,54.6210145,18.32170890341879
Dzierzgoń,53.9239051,19.3479491
Sztum,53.9198663,19.0305384
Gdańsk,54.42880315,18.79832701217957
Gdynia,54.52333035,18.604027892041863
Słupsk,54.46357705,17.02094802171876
Sopot,54.4430399,18.561309520130756
Sławków,50.2984547,19.3898475
Siewierz,50.4710097,19.2318901
Czeladź,50.3184581,19.0736572
Wojkowice,50.3652915,19.0366218
Będzin,50.3356269,19.117295061584233
Szczyrk,49.7165976,19.0254613
Czechowice-Dziedzice,49.9112146,19.007564
Wilamowice,49.9167395,19.1524707
Wisła,52.380897,20.0867774
Skoczów,49.7999039,18.7877583
Cieszyn,49.7557676,18.65623134091032
Ustroń,49.7186488,18.825107461055197
Strumień,49.9171995,18.7634908
Przyrów,50.8051422,19.5254207
Koniecpol,50.7725294,19.6769723
Blachownia,50.7820239,18.9684255
Knurów,50.2071818,18.663707304011943
Sośnicowice,50.2722844,18.5298588
Toszek,50.4551063,18.5180604
Pyskowice,50.3980823,18.6277201
Krzepice,50.9706951,18.7255158
Kłobuck,50.9025547,18.93716
Lubliniec,50.669016,18.6825574
Woźniki,50.5870812,19.0595251
Łaziska Górne,50.1500892,18.8390661
Mikołów,50.1691812,18.9044238
Orzesze,50.108445149999994,18.792235021887763
Koziegłowy,50.5978707,19.1615203
Myszków,50.5736481,19.3219413
Żarki,50.6259563,19.3645599
Pszczyna,49.9778089,18.9423721
Krzanowice,50.017931,18.1216249
Racibórz,50.0917343,18.2196766
Kuźnia Raciborska,50.2007002,18.3105735
Czerwionka-Leszczyny,50.1449958,18.6531994
Kalety,50.5636291,18.885746
Miasteczko Śląskie,50.4915736,18.9230247
Tarnowskie Góry,50.4654128,18.833588437116568
Radzionków,50.4002717,18.9026247
Imielin,50.1440745,19.202583658240222
Lędziny,50.128624,19.11609220672
Bieruń,50.0931922,19.0918262
Wodzisław Śląski,50.0024107,18.4630383
Rydułtowy,50.058436,18.4171831
Radlin,50.0486957,18.4791456
Pszów,50.0449928,18.396218983578315
Włodowice,50.5520931,19.4504273
Ogrodzieniec,50.4521463,19.5213629
Pilica,51.2508597,19.9251145
Poręba,50.4875787,19.337879
Zawiercie,50.4844179,19.4333887
Szczekociny,50.6259216,19.8194681
Łazy,50.4276105,19.3948494
Żywiec,49.706496099999995,19.21914906371902
Bielsko-Biała,49.81207845,19.029198802013944
Bytom,50.3470387,18.9231857
Chorzów,50.288556299999996,18.97044253093511
Częstochowa,50.8089997,19.1244089281233
Dąbrowa Górnicza,50.369624,19.289046489684473
Gliwice,50.30113145,18.662347227971978
Jastrzębie-Zdrój,49.9519085,18.6023614
Jaworzno,50.1894999,19.272511168425055
Katowice,50.2137321,19.00588775660632
Mysłowice,50.2414715,19.1414528
Piekary Śląskie,50.375779050000006,18.93793888798101
Ruda Śląska,50.2858001,18.8747933
Rybnik,50.1105691,18.553187366087336
Siemianowice Śląskie,50.31285075,19.017785857354603
Sosnowiec,50.2712401,19.21556284229424
Świętochłowice,50.2989445,18.907476017927845
Tychy,50.126498049999995,19.006784585824853
Zabrze,50.31428055,18.781576310579183
Żory,50.0454961,18.6943479
Stopnica,50.4382587,20.9385676
Busko-Zdrój,50.46759,20.71919
Nowy Korczyn,50.2994316,20.8090569
Pacanów,50.3999656,21.0409852
Wiślica,50.3484831,20.6745381
Jędrzejów,50.6394435,20.3046116
Małogoszcz,50.8123487,20.2648324
Sędziszów,50.564781,20.0538047
Wodzisław,50.5211403,20.1909163
Sobków,50.6987193,20.4543922
Kazimierza Wielka,50.267489,20.4853308
Skalbmierz,50.3170888,20.3996843
Opatowiec,50.2425871,20.7237798
Chęciny,50.8000835,20.4622228
Chmielnik,50.6145952,20.7510406
Bodzentyn,50.9409927,20.9573478
Daleszyce,50.801991,20.8066334
Piekoszów,50.881422,20.4642464
Łopuszno,50.948616,20.2505964
Pierzchnica,50.6974266,20.7544258
Nowa Słupia,50.8640377,21.0907296
Łagów,50.7754877,21.0839837
Morawica,50.7478149,20.618127
Końskie,51.1910223,20.4071836
Stąporków,51.1380145,20.5573073
Gowarczów,51.2784974,20.438142
Radoszyce,51.0736699,20.2597677
Opatów,50.8017661,21.4238281
Ożarów,50.8864089,21.6656244
Iwaniska,50.7314289,21.281111
Kunów,50.9541063,21.278823
Ćmielów,50.8918364,21.5100875
Ostrowiec Świętokrzyski,50.95020905,21.411509234687305
Pińczów,50.5201929,20.5256241
Działoszyce,50.3654682,20.3521471
Zawichost,50.8074312,21.8523835
Koprzywnica,50.5932218,21.5847266
Sandomierz,50.6793066,21.7495055
Klimontów,50.6563871,21.4506186
Skarżysko-Kamienna,51.1138821,20.857883
Suchedniów,51.0472338,20.8386652
Starachowice,51.03845695,21.08208422827831
Wąchock,51.073812,21.0116897
Osiek,50.5194515,21.4425619
Staszów,50.5612276,21.1677849
Połaniec,50.4329071,21.2810473
Bogoria,50.6519146,21.2601913
Szydłów,50.5907684,21.0045698
Włoszczowa,50.8520727,19.9667772
Kielce,50.85402845,20.60991568734511
Górowo Iławeckie,54.2842481,20.4916449
Sępopol,54.2678744,21.0144242
Bartoszyce,54.2534341,20.80839323665569
Bisztynek,54.0866828,20.908828
Pieniężno,54.2385662,20.1258163
Frombork,54.3583633,19.6823701
Braniewo,54.3825966,19.827344
Działdowo,53.2346517,20.1817841
Lidzbark,53.2628043,19.8231836
Pasłęk,54.0626346,19.6565365
Tolkmicko,54.3201802,19.5270187
Młynary,54.1876231,19.7229376
Ełk,53.8248304,22.3615813
Ryn,53.9386839,21.5440643
Giżycko,54.0361354,21.7661326027255
Zalewo,53.8458768,19.606118
Lubawa,53.5005027,19.735448592924836
Susz,53.7166619,19.3385289
Iława,53.5976095,19.5612175
Kisielice,53.6076054,19.2593923
Kętrzyn,54.0819763,21.376828104006
Korsze,54.1707614,21.1442323
Reszel,54.0482576,21.1421611
Orneta,54.1155533,20.1303378
Lidzbark Warmiński,54.1259406,20.5805641
Mikołajki,53.7981816,21.5772462
Mrągowo,53.868574100000004,21.305158654982982
Nidzica,53.3613838,20.4275719
Nowe Miasto Lubawskie,53.4255933,19.5936277
Olecko,54.0398024,22.4934246
Barczewo,53.8297112,20.6911497
Biskupiec,53.8688,20.95518
Jeziorany,53.9768604,20.7459137
Olsztynek,53.5834201,20.2816198
Dobre Miasto,53.9868899,20.3973402
Miłakowo,54.0101675,20.0711213
Ostróda,53.7028533,19.9623028
Morąg,53.9119982,19.9279895
Miłomłyn,53.7634,19.8413501
Ruciane-Nida,53.65042,21.55982
Biała Piska,53.6113625,22.0581433
Orzysz,53.809833,21.9473601
Pisz,53.6294943,21.8098191
Wielbark,53.3984244,20.9462724
Pasym,53.6521615,20.7917422
Szczytno,53.565489,20.991589
Gołdap,54.3080218,22.3018802
Węgorzewo,54.2138162,21.7416569
Elbląg,54.1988997,19.44108568736702
Olsztyn,53.7766839,20.476507
Margonin,52.9732912,17.0948899
Chodzież,52.994997749999996,16.919925663627275
Szamocin,53.0290045,17.1217202
Budzyń,52.8909489,16.9835951
Wieleń,52.8943347,16.1712847
Krzyż Wielkopolski,52.8796439,16.0141705
Czarnków,52.90107245,16.572584219404398
Trzcianka,53.0417582,16.4610993
Kłecko,52.6324247,17.4282911
Czerniejewo,52.4296119,17.489398
Witkowo,52.4395881,17.7725138
Trzemeszno,52.5600669,17.8208936
Gniezno,52.5359736,17.595889
Borek Wielkopolski,51.916153,17.2425955
Krobia,51.7741006,16.9845547
Poniec,51.7650386,16.8059899
Gostyń,51.8778633,17.0167637
Pogorzela,51.8224142,17.2310362
Rakoniewice,52.1393485,16.2738532
Wielichowo,52.1182673,16.3521384
Grodzisk Wielkopolski,52.2263198,16.3628106
Żerków,52.0687117,17.5633599
Jarocin,51.9739233,17.5011254
Jaraczewo,51.9689115,17.2981142
Stawiszyn,51.9182364,18.1115413
Opatówek,51.7394437,18.2137254
Koźminek,51.798301,18.3383583
Kępno,51.2790265,17.9866632
Rychtal,51.1448363,17.848494
Koło,52.2019866,18.6359912
Kłodawa,52.2574519,18.911206
Dąbie,52.0871691,18.8220738
Przedecz,52.3341735,18.8985119
Kleczew,52.3707265,18.1779886
Rychwał,52.0706234,18.1668295
Sompolno,52.3884355,18.5030075
Golina,52.24276,18.09534
Ślesin,52.37082,18.30593
Krzywiń,51.962928,16.819295
Śmigiel,52.012744,16.5271118
Czempiń,52.1431479,16.7613308
Kościan,52.08336945,16.646088826711576
Kobylin,51.7163621,17.2247584
Krotoszyn,51.695926,17.4374158
Koźmin Wielkopolski,51.8256567,17.4528473
Sulmierzyce,51.6064157,17.5278074
Zduny,51.6463268,17.377617
Rydzyna,51.7863742,16.6673223
Osieczna,51.9033938,16.6762108
Sieraków,52.6513857,16.0808137
Międzychód,52.6046468,15.8935386
Nowy Tomyśl,52.3177643,16.1291553
Opalenica,52.3088119,16.4124256
Lwówek,52.4489307,16.1803554
Zbąszyń,52.2501028,15.9209286
Oborniki,52.6455252,16.8099756
Rogoźno,52.7523023,16.9936288
Raszków,51.7182066,17.7277057
Odolanów,51.5742177,17.673514
Ostrów Wielkopolski,51.6495023,17.8167085
Nowe Skalmierzyce,51.7109127,17.9943345
Grabów nad Prosną,51.5060515,18.1188808
Mikstat,51.5315251,17.9710681
Ostrzeszów,51.4257664,17.9331788
Wysoka,53.1829333,17.0797137
Łobżenica,53.2602878,17.2548401
Ujście,53.0531546,16.7324266
Kaczory,53.1020938,16.8843061
Miasteczko Krajeńskie,53.0976927,17.0072985
Wyrzysk,53.1569822,17.2627004
Piła,53.134719399999994,16.752725352361423
Chocz,51.9752124,17.8706873
Dobrzyca,51.8668166,17.6026387
Pleszew,51.8960985,17.7865673
Kostrzyn,52.3983662,17.2275394
Pobiedziska,52.4773387,17.2870352
Mosina,52.2455834,16.8472591
Stęszew,52.2793539,16.6999331
Kórnik,52.2492751,17.0901242
Murowana Goślina,52.5758465,17.0097914
Luboń,52.3458174,16.8784788
Puszczykowo,52.27761195,16.855721406270032
Swarzędz,52.4103728,17.0771038
Buk,52.357408,16.5166799
Jutrosin,51.6536197,17.1689896
Miejska Górka,51.6552093,16.9561451
Rawicz,51.6101629,16.8583657
Bojanowo,51.7070018,16.7487692
Słupca,52.2872924,17.8713612
Zagórów,52.16899,17.90016
Szamotuły,52.6120328,16.5831241
Pniewy,52.5089624,16.2566411
Obrzycko,52.7064375,16.5252416
Wronki,52.7100316,16.3742572
Ostroróg,52.6267433,16.4491743
Środa Wielkopolska,52.2284266,17.277827
Zaniemyśl,52.1551661,17.1618234
Śrem,52.0893322,17.0156809
Książ Wielkopolski,52.0623513,17.2395591
Dolsk,51.9866,17.0653695
Turek,52.01595,18.50191
Dobra,51.9161774,18.6159693
Tuliszków,52.0770973,18.294932
Gołańcz,52.9431644,17.2999756
Wągrowiec,52.8071754,17.1973241
Mieścisko,52.7436655,17.3294668
Skoki,52.6725926,17.1531343
Wolsztyn,52.11725,16.1126622
Miłosław,52.2023105,17.4892236
Pyzdry,52.1694332,17.687134
Września,52.3250694,17.5652282
Nekla,52.3656249,17.4144598
Złotów,53.3591987,17.043815994517477
Jastrowie,53.4205494,16.8150156
Krajenka,53.2970851,16.9909514
Okonek,53.5347646,16.8516192
Kalisz,51.74736505,18.079590087700034
Konin,52.2301933,18.2521112
Leszno,51.8436068,16.58042182076424
Poznań,52.4006632,16.91973259178088
Tychowo,53.92866,16.25668
Białogard,54.0064367,15.9870974
Karlino,54.0410287,15.8793019
Drawno,53.2189468,15.7580084
Recz,53.2601536,15.5467648
Pełczyce,53.04218,15.30591
Choszczno,53.1704801,15.4167349
Kalisz Pomorski,53.2981616,15.9059903
Złocieniec,53.5310477,16.0107245
Drawsko Pomorskie,53.5310786,15.8134179
Czaplinek,53.560673,16.2319428
Stepnica,53.64959765197855,14.969078227377027
Maszewo,53.496222,15.0613549
Nowogard,53.6687698,15.1225889
Goleniów,53.5656939,14.8299285
Płoty,53.8043384,15.2680368
Trzebiatów,54.0627026,15.2657157
Gryfice,53.9148529,15.1987062
Mieszkowice,52.785412,14.4954296
Moryń,52.8558027,14.3968046
Trzcińsko-Zdrój,52.9660381,14.6075982
Gryfino,53.2535889,14.4924243
Chojna,52.9629793,14.4314113
Cedynia,52.8784024,14.2031446
Dziwnów,54.0277746,14.7603921
Golczewo,53.8241081,14.9773396
Kamień Pomorski,53.9653947,14.7728556
Międzyzdroje,53.9282745,14.448903
Wolin,53.843788,14.6157008
Kołobrzeg,54.1759614,15.5764209
Gościno,54.0515795,15.6534004
Mielno,54.2560766,16.0520587
Bobolice,53.954693,16.5884779
Sianów,54.228188,16.2942839
Polanów,54.11921,16.68725
Dębno,52.7396681,14.7014522
Myślibórz,52.924825,14.8664799
Barlinek,52.9920762,15.2166391
Nowe Warpno,53.7252503,14.2810705
Police,53.5486435,14.5657399
Pyrzyce,53.1461083,14.8924485
Lipiany,53.002904,14.970883
Sławno,54.361141950000004,16.6754076140828
Darłowo,54.42249,16.40933
Stargard,53.30897745,15.031645934671849
Dobrzany,53.3582754,15.4299315
Suchań,53.2799427,15.3188331
Ińsko,53.435721,15.548315
Chociwel,53.4663949,15.3314436
Barwice,53.7445649,16.3549399
Biały Bór,53.8987414,16.8377275
Borne Sulinowo,53.5812939,16.538117
Szczecinek,53.708021,16.6943922
Połczyn-Zdrój,53.7648981,16.0952705
Świdwin,53.774228550000004,15.782684536142817
Mirosławiec,53.3415106,16.0881475
Wałcz,53.269745,16.4670655
Człopa,53.0884595,16.1201069
Tuczno,53.194419,16.1548235
Łobez,53.6391189,15.6213487
Resko,53.7733969,15.4056058
Węgorzyno,53.5411822,15.5602398
Koszalin,54.19092,16.17707
Szczecin,53.42968095,14.592912670292268
Świnoujście,53.827032849999995,14.335689206795696
Mierzyn,51.2560713,19.6759098
Warsaw,52.2337172,21.071432235636493
Zabierzów,50.1146386,19.7993814
Tajęcina,50.1222291,22.0144676
Plewiska,52.3665196,16.809783
Bolszewo,54.61685,18.17654
Trójmiasto,54.4494798,18.733495219257467
Gidle,50.9640585,19.4684614
Komorniki,52.3360059,16.8080811
Centrala Lidl Polska Jankowice,,
Białe Błota,52.89522,18.7071
Zielona Gora,51.9383777,15.5050408
Suchy Las,52.4775865,16.8772192
Czyżemin,51.59151,19.44986
Kobierzyce,50.9720586,16.9298119
Pieńków,52.3741795,20.8141824
Poland,52.215933,19.134422
Gądki,52.3126003,17.0466213
Góraszka,52.18922,21.28836
Żerniki Wrocławskie,51.0331255,17.0557939
Nakło Nad Notecią,53.1386896,17.5998891
Szymanów,52.1616414,20.3810754
Dołuje,53.4359192,14.4026625
Więckowice,50.1602345,20.2982421
Reguły,52.1765336,20.8652372
Wędkowy,54.0568754,18.6162786
Torun,53.0145361,18.596583144651557
Siemianice,54.5020348,17.0607701
Robakowo,52.3098969,17.0771599
Rzeszow,50.0374531,22.0047174
Polska,52.215933,19.134422
Bielany Wrocławskie,51.0392894,16.9686781
Balice,50.08683,19.792135
Żernica,50.2495358,18.6150474
Sady,52.439255,22.7042586
Poland Remote,,
Bielsko-Biala,49.81207845,19.029198802013944
Głuchowo,53.2079479,18.5525964
Mirków,51.1662782,17.1588597
Walcz,53.269745,16.4670655
Posen,52.4006632,16.91973259178088
Duchnice,52.1993454,20.7926444
Wieruchów,52.2322123,20.8275313
Koprki,52.2151964,20.7449061
Chwaszczyno,54.4435509,18.4189445
Pila,53.1511324,16.7380343
Nowy Konik,52.2186458,21.3048117
Kotlarka,51.1372541,21.2844873
Vratislav,51.1089776,17.0326689
Cała Polska,,
Palmiry,52.3663428,20.7785066
Wysogotowo,52.41152,16.7820305
To,53.3785108,14.6194456
Smolice,52.1029001,19.0542164
Lumen,52.23062085,21.003256731310934
Żerniki,51.8133333,18.9263889
Przęsocin,53.51463,14.56561
Macierzysz,52.2258525,20.8574091
Rzeplin,50.467254,23.8494916
Krakau,50.0469432,19.997153435836697
Jasionka,51.9498281,19.3907679
Niepruszewo,52.3858822,16.6040814
Konopiska,50.7269255,19.0102837
Kolonia Lesznowola,52.0804573,20.9671894
Żabia Wola,52.0317125,20.6910675
Niemcz,53.1798859,18.0326381
Zaścianki,52.0368184,22.7855467
Dąbrówka,52.45019,19.36263
Zamienie,52.151461,21.5064882
Nowiny,54.1864242,22.137397
Podłęże,50.55728,20.56031
Podgórzyn,54.1494798,21.2516799
Łęka Mroczeńska,51.2251207,17.963299
Józefosław,52.1006181,21.0468759
Kraków-Śródmieście,50.0632866,19.964628150618662
Stettin,53.42968095,14.592912670292268
Fasty,53.1697765,23.0580853
Jankowice,50.0012906,18.9853299
Straszyn,54.2722494,18.5823095
Varsavia,52.2337172,21.071432235636493
Stobierna,50.0299211,21.4883893
Złotkowo,52.5111149,16.8403779
Wilga,49.9676389,19.977163
Bażanowice,49.73833,18.70208
Rosówek,53.3229721,14.4225335
Tuchom,54.4286983,18.3897141
Swobodnia,52.4808801,20.62463
Poland Remote,,
Czernichów,49.9871154,19.6761974
Ostaszewo,52.7727144,20.809633
Brzegi,50.73997,20.40329
Smolec,51.0744801,16.8843573
Gruszczyce,51.60884,18.46687
Chociule,52.2049565,15.5180402
Izabelin-Dziekanówek,52.3525,20.8194444
Łyszkowice,51.9838704,19.9093515
Łodz,51.7728245,19.47848567915817
Poledno,53.3946079,18.3032172
Mroczeń,51.2257689,17.987252
Łozienica,53.5389624,14.7845519
Sękowo,52.6419547,19.7422876
Raszyn,52.1583333,20.9241667
Krępice,50.3337162,20.4574034
Twórg,,
Tarnowo Podgórne,52.4657445,16.6664446
Brzeźnica,52.7211922,22.8159652
Wiele,53.9228722,17.8626753
Teresin,52.1988856,20.4168294
Tulce,52.3434434,17.0758308
Kornice,50.0909744,18.1073687
Michałowice,51.2321506,17.2151252
Przeźmierowo,52.4260662,16.7873751
Siercza,49.97247,20.04329
Nadarzyn,52.0947222,20.8075
Kamionki,54.2097465,22.3477987
Duninowo,54.5400295,16.8217565
Długołęka,51.1733162,17.1927858
Borówiec,52.2800264,17.0424488
Zalasewo,52.386163,17.074423
Wólka Kosowska,52.057513,20.8401498
Kowale,49.8260438,18.8404476
Teolin,53.4308218,23.2277566
Blizne Łaszczyńskiego,52.2408995,20.8846861
Kozy,49.8462862,19.145175
Wola Batorska,50.0524215,20.2656679
Zalesie Górne,52.0274759,21.0366821
Kostrzyn Nad Odrą,52.5898737,14.6536335
Europe,,
Varsovia,52.2319581,21.0067249
Dąbrowa,54.2741903,20.8060513
Banino,54.3920505,18.4086592
Czerlejno,52.3519521,17.2137723
Tymbark,49.7293607,20.3248972
Kaźmierz,52.5129241,16.5831468
Borkowo,52.5611271,20.6639877
Stare Babice,52.252222,20.8406349
Rokietnica,52.5103217,16.7421238
Bronisze,54.272813,22.4416347
Radonice,52.17084,20.61184
Ochmanów,49.9991148,20.1337617
Turzyn,53.4286941,14.5323632
Gruszczyn,50.8728292,20.160295
Siematycze,,
Wójtowo,53.7900664,20.6013268
Jaworze,49.79248,18.94034
Varsovie,52.2319581,21.0067249
Łochowo,53.1218608,17.8382816
Kaliska,54.3414174,18.2396048
Złotniki,52.9741821,23.1573738
Przodkowo,54.3791906,18.287826
Miszewko,54.403079,18.35843
Sierakowice,54.345194,17.8935576
Szemud,54.4863129,18.2208129
Remote,,
Magnice,50.9886959,16.9590265
Swadzim,53.00101,15.09721
- Musuły,52.0497552,20.6608016
Panieńszczyzna,51.3024737,22.4379924
Kokotów,50.0139139,20.0963232
Porszewice,51.7153717,19.2906508
Cedry Wielkie,54.2441816,18.8457262
Zaczernie,50.0929648,21.996049
Grzępy,52.8641667,16.6313889
Małopole,52.4723758,21.2879304
Janki,52.3333333,19.6666667
Włodzimierzów,51.3737337,19.8258331
Czerniewice,51.6547437,20.1569703
Małe Walichnowy,53.9325198,18.8408472
Sokołów,52.3842405,19.3414444
Węgrzce,51.4801582,16.5768398
Kosakowo,54.22835,21.47486
Cholerzyn,50.0596923,19.7705639
Opacz-Kolonia,52.179016,20.8991029
Bolechowo,53.5056806,14.8721525
Kijewo,53.9181982,22.4976625
Rąbień,51.7902752,19.3213234
Komorów,51.9624538,14.7648218
Ołtarzew,52.2117748,20.7641995
Pszczółki,51.42247,19.10207
Kamień,52.2884074,18.0293306
Biurowiec,52.4456621,16.95493167173472
Skórzec,52.6118,22.5837
Kuny,52.15452,18.4356
Janowice Wielkie,50.87828,15.9208773
Modlniczka,50.1192648,19.8552859
Laski,53.9463479,15.9204021
Całowanie,52.01277,21.31364
Remote/Anywhere Poland,,
Godzikowice,50.9100256,17.3114822
Mysłakowice,50.8365551,15.7871345
Duchnów,52.1906895,21.3536855
Stara Iwiczna,52.0834635,21.0023263
Stegna,54.3286519,19.1130637
Strefa,50.36507,16.4321682
Herby,50.7512437,18.883244
Jonkowo,53.8275836,20.3104882
Zurich,,
Plaza,52.440981699999995,16.91905353116507
Blizne Jasińskiego,52.2445827,20.8733306
Kłoczew,51.7226913,21.9561458
Cracovia,50.0469432,19.997153435836697
Niegardów,50.2179944,20.1855036
